case_id,referencing_table,referenced_table,update_property,update_value_type,logical_updates,active_domain_size,join_rows_J,participating_referenced_rows_D,full_referenced_rows,unused_referenced_rows,redundant_tuples_J_minus_D,redundant_tuple_pct,dependent_property_count,redundant_property_slots,redundant_non_null_values,redundant_non_null_pct,redundant_payload_proxy_bytes,redundant_payload_pct,topology_redundant_relationships,folded_property_writes,normalized_property_writes,write_amplification_J_over_D,folded_update_median_client_ms,folded_update_bootstrap_median_low_ms,folded_update_bootstrap_median_high_ms,folded_update_p95_client_ms,normalized_update_median_client_ms,normalized_update_bootstrap_median_low_ms,normalized_update_bootstrap_median_high_ms,normalized_update_p95_client_ms,folded_over_normalized_median_ratio,median_client_ms_saved_per_batch,normalized_time_reduction_pct,normalization_median_client_ms,normalization_bootstrap_median_low_ms,normalization_bootstrap_median_high_ms,normalization_p95_client_ms,break_even_logical_update_batches,run_id,join_sha256,source_graph_sha256
order_customer,Order,Customer,Phone,builtins.str,89,91,830,89,91,2,741,89.27710843373494,10,7410,6712,89.24345166866108,79542,89.11669803710674,0,830,89,9.325842696629213,7.010854500000001,6.0295205,7.4912915,10.02175,5.884104000000001,5.059291999999999,6.0620625,6.784625,1.1914905820835253,1.1267505,16.07151453506844,44.5518965,43.261604500000004,48.2472085,52.492916,39.54016128681549,49befc8f12ff49a0b9f7c64698c2e42d,3ec030dad68966b272049c6237c9bd051250dbfcd23d51b2d4b343ad27eda786,f6bcf22689551d4bc7f8cef1f4d20a1ab489111d561f54511a172c7ba68451ae
order_detail_order,OrderDetail,Order,Freight,builtins.float,830,799,2155,830,830,0,1325,61.48491879350348,13,17225,16345,61.475101549571235,181246,61.31440692013897,3975,2155,830,2.5963855421686746,12.0261875,11.9754375,12.549104,13.890334,10.023146,9.900375,10.1758965,11.266541,1.1998415966404161,2.0030415,16.65566498110893,129.3650835,124.42345800000001,144.013959,167.701292,64.58432513754707,30400cca88f04188a79e2d28d6fe2dc2,4c8861a3421e28709b7c3290eb511e8d81b38d6d1685ebf838285cb8a40eeaf9,f6bcf22689551d4bc7f8cef1f4d20a1ab489111d561f54511a172c7ba68451ae
order_detail_product,OrderDetail,Product,ProductName,builtins.str,77,77,2155,77,77,0,2078,96.42691415313224,9,18702,18702,96.42691415313224,99116,96.42384621371313,4156,2155,77,27.98701298701299,19.981333499999998,19.9144165,21.140313,36.89925,5.006229,4.9844995,5.0566245,6.12725,3.99129434550437,14.975104499999997,74.94547098170399,84.20875,80.0442075,86.16327050000001,102.025417,5.62324957398461,74ff33e172914b60af6c21292b626d03,dd0e6ee21d61bcd915e2727dc548f3bea78612ad783690e0c431c1a8a0ada975,f6bcf22689551d4bc7f8cef1f4d20a1ab489111d561f54511a172c7ba68451ae
product_category,Product,Category,CategoryName,builtins.str,8,8,77,8,8,0,69,89.6103896103896,3,207,207,89.6103896103896,20530,89.67023367547499,0,77,8,9.625,3.9977915,3.956667,4.022104499999999,6.136084,3.9938124999999998,3.9844795,4.0103124999999995,4.0635,1.0009962911378538,0.003979000000000177,0.09952995297528577,7.7214795,7.388438000000001,7.917146000000001,11.482082,1940.5578034681218,caaa2d9f9ea24b14a9f61af1d2f32ed9,023afba07072bc8ef140af0a00fce9fab32650d21c0811c04c722e746962363e,f6bcf22689551d4bc7f8cef1f4d20a1ab489111d561f54511a172c7ba68451ae
product_supplier,Product,Supplier,Phone,builtins.str,29,29,77,29,29,0,48,62.33766233766234,11,528,432,62.51808972503618,5985,63.19290465631929,0,77,29,2.6551724137931036,5.0484995,5.009021,7.034333999999999,25.586833,4.012333,3.9632709999999998,4.065312499999999,4.308958,1.258245389901586,1.0361665000000002,20.524246857903027,8.786229,8.345437,9.205375,11.967917,8.479553237824229,a4a599f713fe4588ad55226e84c6a965,3a8a2d1c22d8465436d401b8849564cb9985837c01d41ce67edb31ae1f36fbfb,f6bcf22689551d4bc7f8cef1f4d20a1ab489111d561f54511a172c7ba68451ae
order_employee,Order,Employee,LastName,builtins.str,9,9,830,9,9,0,821,98.91566265060241,17,13957,13642,98.92675852066715,529822,98.9210251661218,3911,830,9,92.22222222222223,6.0236665,5.9554375,6.0959585,6.302125,3.9909165,3.9540625,4.0612705,4.245542,1.5093441569123283,2.03275,33.74605815245582,66.982229,65.40020849999999,73.4386665,103.494875,32.95153314475464,c0f0ac6704244836aa3dfcbdf8a4ce1e,3dfb3cdf3f2312f5427eeb0c80a6245fb4e920ccfe2a6596f17b87950168bcd8,f6bcf22689551d4bc7f8cef1f4d20a1ab489111d561f54511a172c7ba68451ae
order_shipper,Order,Shipper,Phone,builtins.str,3,3,830,3,3,0,827,99.63855421686748,2,1654,1654,99.63855421686748,23664,99.6378947368421,0,830,3,276.6666666666667,5.0288545,4.9812915,6.00925,9.068167,3.9554375,3.9009169999999997,4.0015415,4.454709,1.2713775656927961,1.0734169999999996,21.34515922065352,34.0664175,33.104188,35.162499999999994,62.039624,31.7364244277853,084163bb34454e7d9d1a1bae36b0d067,5b36d06e736561094375311dc5cb0dd345a4bdf3a592c2d75cf6c6223aea974d,f6bcf22689551d4bc7f8cef1f4d20a1ab489111d561f54511a172c7ba68451ae
employee_territory_employee,EmployeeTerritory,Employee,LastName,builtins.str,9,9,49,9,9,0,40,81.63265306122449,17,680,649,81.43036386449184,25941,81.78121059268601,3130,49,9,5.444444444444445,3.9637705,3.881729,4.0394375,4.264875,4.01225,3.937958,4.1667705,6.1235,0.9879171287930713,-0.04847950000000001,-1.2230652607157833,17.3697495,17.220375,17.710979000000002,19.046708,,28c4ff6148394385ba0210814b78f08c,962996e67976e4eaefd40594facd75f56881715604c64be94433dc8f36a45c55,f6bcf22689551d4bc7f8cef1f4d20a1ab489111d561f54511a172c7ba68451ae
employee_territory_territory,EmployeeTerritory,Territory,TerritoryDescription,builtins.str,49,52,49,49,53,4,0,0.0,2,0,0,0.0,0,0.0,0,49,49,1.0,3.9962920000000004,3.9691045000000003,4.077146,4.704666,4.875792000000001,4.7315830000000005,5.0443335000000005,5.683,0.8196190485566243,-0.8795000000000002,-22.007901324527836,7.5205415,7.176729,7.627791,7.903708,,c0f4ae95faf8483e869eee26ec1149bd,348017e14670944f01595c0a9823f3f824f8c9a7665adc779de8369087820707,f6bcf22689551d4bc7f8cef1f4d20a1ab489111d561f54511a172c7ba68451ae
territory_region,Territory,Region,RegionDescription,builtins.str,4,4,53,4,4,0,49,92.45283018867924,1,49,49,92.45283018867924,2156,93.17199654278306,0,53,4,13.25,4.083146,4.0468335,4.1619165,5.045959,3.9431875,3.8898335,4.0765,5.738916,1.0354937471271655,0.1399585000000001,3.427712357089363,6.087270999999999,5.8111875,6.2749165,6.919083,43.49339982923506,9d91d85ce5734a90b890272852b17707,9e7dde754adee7f6d7d8b091ee663ece2fa288435eea0e387b9a38bcbcc9196c,f6bcf22689551d4bc7f8cef1f4d20a1ab489111d561f54511a172c7ba68451ae
