case_id,phase,run,client_wall_ms,neo4j_reported_total_ms,affected_nodes,properties_set,nodes_created,nodes_deleted,relationships_created,relationships_deleted
order_customer,folded_update,1,9.977792,5,830,830,0,0,0,0
order_customer,folded_update,2,5.900166,1,830,830,0,0,0,0
order_customer,folded_update,3,5.999291,1,830,830,0,0,0,0
order_customer,folded_update,4,5.963667,1,830,830,0,0,0,0
order_customer,folded_update,5,7.051916,1,830,830,0,0,0,0
order_customer,folded_update,6,5.917334,1,830,830,0,0,0,0
order_customer,folded_update,7,6.05975,1,830,830,0,0,0,0
order_customer,folded_update,8,5.981667,1,830,830,0,0,0,0
order_customer,folded_update,9,5.977833,1,830,830,0,0,0,0
order_customer,folded_update,10,10.02175,3,830,830,0,0,0,0
order_customer,folded_update,11,8.418791,1,830,830,0,0,0,0
order_customer,folded_update,12,18.232333,11,830,830,0,0,0,0
order_customer,folded_update,13,7.839875,1,830,830,0,0,0,0
order_customer,folded_update,14,6.783083,2,830,830,0,0,0,0
order_customer,folded_update,15,6.972625,1,830,830,0,0,0,0
order_customer,folded_update,16,7.114,1,830,830,0,0,0,0
order_customer,folded_update,17,7.142708,0,830,830,0,0,0,0
order_customer,folded_update,18,7.016834,1,830,830,0,0,0,0
order_customer,folded_update,19,7.004875,1,830,830,0,0,0,0
order_customer,folded_update,20,9.176541,1,830,830,0,0,0,0
order_customer,normalized_update,1,9.953666,6,89,89,0,0,0,0
order_customer,normalized_update,2,6.161959,2,89,89,0,0,0,0
order_customer,normalized_update,3,6.784625,2,89,89,0,0,0,0
order_customer,normalized_update,4,6.069708,2,89,89,0,0,0,0
order_customer,normalized_update,5,5.907833,1,89,89,0,0,0,0
order_customer,normalized_update,6,6.131833,1,89,89,0,0,0,0
order_customer,normalized_update,7,5.055209,1,89,89,0,0,0,0
order_customer,normalized_update,8,5.018292,1,89,89,0,0,0,0
order_customer,normalized_update,9,5.038042,1,89,89,0,0,0,0
order_customer,normalized_update,10,6.054417,1,89,89,0,0,0,0
order_customer,normalized_update,11,5.258042,1,89,89,0,0,0,0
order_customer,normalized_update,12,5.944125,1,89,89,0,0,0,0
order_customer,normalized_update,13,5.917334,1,89,89,0,0,0,0
order_customer,normalized_update,14,6.130625,1,89,89,0,0,0,0
order_customer,normalized_update,15,5.063375,1,89,89,0,0,0,0
order_customer,normalized_update,16,4.858542,1,89,89,0,0,0,0
order_customer,normalized_update,17,5.141916,1,89,89,0,0,0,0
order_customer,normalized_update,18,4.801875,1,89,89,0,0,0,0
order_customer,normalized_update,19,5.003458,1,89,89,0,0,0,0
order_customer,normalized_update,20,5.860375,1,89,89,0,0,0,0
order_customer,normalization,1,49.657458,31,830,31371,89,0,830,0
order_customer,normalization,2,46.180875,32,830,31371,89,0,830,0
order_customer,normalization,3,48.299,33,830,31371,89,0,830,0
order_customer,normalization,4,50.561584,36,830,31371,89,0,830,0
order_customer,normalization,5,41.295166,28,830,31371,89,0,830,0
order_customer,normalization,6,43.145083,29,830,31371,89,0,830,0
order_customer,normalization,7,49.412875,34,830,31371,89,0,830,0
order_customer,normalization,8,43.378126,30,830,31371,89,0,830,0
order_customer,normalization,9,41.810792,27,830,31371,89,0,830,0
order_customer,normalization,10,65.923374,51,830,31371,89,0,830,0
order_customer,normalization,11,46.184208,32,830,31371,89,0,830,0
order_customer,normalization,12,44.332917,31,830,31371,89,0,830,0
order_customer,normalization,13,44.286042,30,830,31371,89,0,830,0
order_customer,normalization,14,43.94075,30,830,31371,89,0,830,0
order_customer,normalization,15,44.770876,29,830,31371,89,0,830,0
order_customer,normalization,16,52.492916,36,830,31371,89,0,830,0
order_customer,normalization,17,41.227,29,830,31371,89,0,830,0
order_customer,normalization,18,40.679499,30,830,31371,89,0,830,0
order_customer,normalization,19,48.195417,34,830,31371,89,0,830,0
order_customer,normalization,20,42.049126,28,830,31371,89,0,830,0
order_detail_order,folded_update,1,16.987708,7,2155,2155,0,0,0,0
order_detail_order,folded_update,2,13.890334,5,2155,2155,0,0,0,0
order_detail_order,folded_update,3,13.854791,4,2155,2155,0,0,0,0
order_detail_order,folded_update,4,12.858791,3,2155,2155,0,0,0,0
order_detail_order,folded_update,5,11.960208,2,2155,2155,0,0,0,0
order_detail_order,folded_update,6,11.988292,2,2155,2155,0,0,0,0
order_detail_order,folded_update,7,11.119042,3,2155,2155,0,0,0,0
order_detail_order,folded_update,8,12.89225,3,2155,2155,0,0,0,0
order_detail_order,folded_update,9,13.023083,3,2155,2155,0,0,0,0
order_detail_order,folded_update,10,11.991459,3,2155,2155,0,0,0,0
order_detail_order,folded_update,11,11.96525,2,2155,2155,0,0,0,0
order_detail_order,folded_update,12,12.239417,3,2155,2155,0,0,0,0
order_detail_order,folded_update,13,12.020625,3,2155,2155,0,0,0,0
order_detail_order,folded_update,14,12.03175,2,2155,2155,0,0,0,0
order_detail_order,folded_update,15,12.112209,3,2155,2155,0,0,0,0
order_detail_order,folded_update,16,11.103791,2,2155,2155,0,0,0,0
order_detail_order,folded_update,17,11.985625,2,2155,2155,0,0,0,0
order_detail_order,folded_update,18,11.915209,2,2155,2155,0,0,0,0
order_detail_order,folded_update,19,12.052792,2,2155,2155,0,0,0,0
order_detail_order,folded_update,20,11.954792,2,2155,2155,0,0,0,0
order_detail_order,normalized_update,1,13.160917,6,830,830,0,0,0,0
order_detail_order,normalized_update,2,10.00925,3,830,830,0,0,0,0
order_detail_order,normalized_update,3,10.037042,3,830,830,0,0,0,0
order_detail_order,normalized_update,4,11.266541,3,830,830,0,0,0,0
order_detail_order,normalized_update,5,9.939084,2,830,830,0,0,0,0
order_detail_order,normalized_update,6,10.096333,3,830,830,0,0,0,0
order_detail_order,normalized_update,7,10.178709,3,830,830,0,0,0,0
order_detail_order,normalized_update,8,10.908583,3,830,830,0,0,0,0
order_detail_order,normalized_update,9,10.075167,3,830,830,0,0,0,0
order_detail_order,normalized_update,10,9.73575,3,830,830,0,0,0,0
order_detail_order,normalized_update,11,9.991875,3,830,830,0,0,0,0
order_detail_order,normalized_update,12,9.182541,2,830,830,0,0,0,0
order_detail_order,normalized_update,13,9.861666,2,830,830,0,0,0,0
order_detail_order,normalized_update,14,8.172084,2,830,830,0,0,0,0
order_detail_order,normalized_update,15,10.240834,1,830,830,0,0,0,0
order_detail_order,normalized_update,16,9.062417,2,830,830,0,0,0,0
order_detail_order,normalized_update,17,10.173084,2,830,830,0,0,0,0
order_detail_order,normalized_update,18,10.918417,3,830,830,0,0,0,0
order_detail_order,normalized_update,19,9.99375,2,830,830,0,0,0,0
order_detail_order,normalized_update,20,8.910583,3,830,830,0,0,0,0
order_detail_order,normalization,1,129.662667,94,2155,61418,830,0,4645,6465
order_detail_order,normalization,2,148.528501,112,2155,61418,830,0,4645,6465
order_detail_order,normalization,3,128.288167,95,2155,61418,830,0,4645,6465
order_detail_order,normalization,4,139.499417,100,2155,61418,830,0,4645,6465
order_detail_order,normalization,5,124.862791,90,2155,61418,830,0,4645,6465
order_detail_order,normalization,6,134.081,92,2155,61418,830,0,4645,6465
order_detail_order,normalization,7,122.201999,82,2155,61418,830,0,4645,6465
order_detail_order,normalization,8,152.988916,112,2155,61418,830,0,4645,6465
order_detail_order,normalization,9,123.984125,85,2155,61418,830,0,4645,6465
order_detail_order,normalization,10,176.735791,140,2155,61418,830,0,4645,6465
order_detail_order,normalization,11,149.086292,105,2155,61418,830,0,4645,6465
order_detail_order,normalization,12,129.0675,95,2155,61418,830,0,4645,6465
order_detail_order,normalization,13,130.07575,90,2155,61418,830,0,4645,6465
order_detail_order,normalization,14,123.749083,82,2155,61418,830,0,4645,6465
order_detail_order,normalization,15,167.701292,126,2155,61418,830,0,4645,6465
order_detail_order,normalization,16,120.998166,84,2155,61418,830,0,4645,6465
order_detail_order,normalization,17,125.653667,84,2155,61418,830,0,4645,6465
order_detail_order,normalization,18,113.768916,76,2155,61418,830,0,4645,6465
order_detail_order,normalization,19,149.777041,113,2155,61418,830,0,4645,6465
order_detail_order,normalization,20,121.953375,86,2155,61418,830,0,4645,6465
order_detail_product,folded_update,1,36.89925,30,2155,2155,0,0,0,0
order_detail_product,folded_update,2,24.8305,18,2155,2155,0,0,0,0
order_detail_product,folded_update,3,19.970125,13,2155,2155,0,0,0,0
order_detail_product,folded_update,4,19.851791,13,2155,2155,0,0,0,0
order_detail_product,folded_update,5,20.186292,13,2155,2155,0,0,0,0
order_detail_product,folded_update,6,19.966,13,2155,2155,0,0,0,0
order_detail_product,folded_update,7,19.864084,13,2155,2155,0,0,0,0
order_detail_product,folded_update,8,19.9145,13,2155,2155,0,0,0,0
order_detail_product,folded_update,9,19.203333,13,2155,2155,0,0,0,0
order_detail_product,folded_update,10,19.930333,13,2155,2155,0,0,0,0
order_detail_product,folded_update,11,19.872,13,2155,2155,0,0,0,0
order_detail_product,folded_update,12,19.914333,13,2155,2155,0,0,0,0
order_detail_product,folded_update,13,18.890125,13,2155,2155,0,0,0,0
order_detail_product,folded_update,14,20.186417,13,2155,2155,0,0,0,0
order_detail_product,folded_update,15,22.094209,13,2155,2155,0,0,0,0
order_detail_product,folded_update,16,22.990916,16,2155,2155,0,0,0,0
order_detail_product,folded_update,17,23.014584,15,2155,2155,0,0,0,0
order_detail_product,folded_update,18,38.236125,31,2155,2155,0,0,0,0
order_detail_product,folded_update,19,19.992542,13,2155,2155,0,0,0,0
order_detail_product,folded_update,20,20.07475,13,2155,2155,0,0,0,0
order_detail_product,normalized_update,1,9.169166,4,77,77,0,0,0,0
order_detail_product,normalized_update,2,5.982417,2,77,77,0,0,0,0
order_detail_product,normalized_update,3,6.068041,2,77,77,0,0,0,0
order_detail_product,normalized_update,4,5.975042,2,77,77,0,0,0,0
order_detail_product,normalized_update,5,6.12725,1,77,77,0,0,0,0
order_detail_product,normalized_update,6,5.045458,1,77,77,0,0,0,0
order_detail_product,normalized_update,7,4.956708,1,77,77,0,0,0,0
order_detail_product,normalized_update,8,4.988958,0,77,77,0,0,0,0
order_detail_product,normalized_update,9,4.996375,0,77,77,0,0,0,0
order_detail_product,normalized_update,10,4.980041,1,77,77,0,0,0,0
order_detail_product,normalized_update,11,4.992042,0,77,77,0,0,0,0
order_detail_product,normalized_update,12,4.975292,1,77,77,0,0,0,0
order_detail_product,normalized_update,13,5.067791,0,77,77,0,0,0,0
order_detail_product,normalized_update,14,5.010542,1,77,77,0,0,0,0
order_detail_product,normalized_update,15,5.022292,0,77,77,0,0,0,0
order_detail_product,normalized_update,16,4.927875,0,77,77,0,0,0,0
order_detail_product,normalized_update,17,4.939166,0,77,77,0,0,0,0
order_detail_product,normalized_update,18,5.002333,0,77,77,0,0,0,0
order_detail_product,normalized_update,19,5.010125,0,77,77,0,0,0,0
order_detail_product,normalized_update,20,4.971,0,77,77,0,0,0,0
order_detail_product,normalization,1,87.77075,60,2155,41869,77,0,2309,4310
order_detail_product,normalization,2,85.436125,60,2155,41869,77,0,2309,4310
order_detail_product,normalization,3,100.319833,65,2155,41869,77,0,2309,4310
order_detail_product,normalization,4,79.017291,54,2155,41869,77,0,2309,4310
order_detail_product,normalization,5,81.420875,53,2155,41869,77,0,2309,4310
order_detail_product,normalization,6,78.669333,52,2155,41869,77,0,2309,4310
order_detail_product,normalization,7,78.7555,50,2155,41869,77,0,2309,4310
order_detail_product,normalization,8,86.40625,51,2155,41869,77,0,2309,4310
order_detail_product,normalization,9,78.040959,51,2155,41869,77,0,2309,4310
order_detail_product,normalization,10,116.918833,89,2155,41869,77,0,2309,4310
order_detail_product,normalization,11,85.227125,58,2155,41869,77,0,2309,4310
order_detail_product,normalization,12,88.978167,62,2155,41869,77,0,2309,4310
order_detail_product,normalization,13,102.025417,70,2155,41869,77,0,2309,4310
order_detail_product,normalization,14,83.643042,56,2155,41869,77,0,2309,4310
order_detail_product,normalization,15,85.920291,58,2155,41869,77,0,2309,4310
order_detail_product,normalization,16,81.071124,54,2155,41869,77,0,2309,4310
order_detail_product,normalization,17,77.922125,50,2155,41869,77,0,2309,4310
order_detail_product,normalization,18,84.774458,52,2155,41869,77,0,2309,4310
order_detail_product,normalization,19,77.852125,50,2155,41869,77,0,2309,4310
order_detail_product,normalization,20,81.95075,53,2155,41869,77,0,2309,4310
product_category,folded_update,1,7.987666,4,77,77,0,0,0,0
product_category,folded_update,2,4.038625,0,77,77,0,0,0,0
product_category,folded_update,3,3.979083,0,77,77,0,0,0,0
product_category,folded_update,4,3.934167,0,77,77,0,0,0,0
product_category,folded_update,5,4.043542,0,77,77,0,0,0,0
product_category,folded_update,6,4.015667,0,77,77,0,0,0,0
product_category,folded_update,7,3.952,0,77,77,0,0,0,0
product_category,folded_update,8,3.927917,0,77,77,0,0,0,0
product_category,folded_update,9,3.981709,0,77,77,0,0,0,0
product_category,folded_update,10,3.961334,0,77,77,0,0,0,0
product_category,folded_update,11,4.008541,0,77,77,0,0,0,0
product_category,folded_update,12,3.987042,0,77,77,0,0,0,0
product_category,folded_update,13,4.017167,0,77,77,0,0,0,0
product_category,folded_update,14,4.027042,0,77,77,0,0,0,0
product_category,folded_update,15,4.011916,0,77,77,0,0,0,0
product_category,folded_update,16,3.941959,0,77,77,0,0,0,0
product_category,folded_update,17,4.034875,0,77,77,0,0,0,0
product_category,folded_update,18,6.136084,0,77,77,0,0,0,0
product_category,folded_update,19,3.933125,0,77,77,0,0,0,0
product_category,folded_update,20,2.848042,0,77,77,0,0,0,0
product_category,normalized_update,1,7.042,4,8,8,0,0,0,0
product_category,normalized_update,2,4.009042,0,8,8,0,0,0,0
product_category,normalized_update,3,3.993791,0,8,8,0,0,0,0
product_category,normalized_update,4,3.988666,0,8,8,0,0,0,0
product_category,normalized_update,5,3.981,0,8,8,0,0,0,0
product_category,normalized_update,6,4.014291,0,8,8,0,0,0,0
product_category,normalized_update,7,3.996291,0,8,8,0,0,0,0
product_category,normalized_update,8,3.993834,0,8,8,0,0,0,0
product_category,normalized_update,9,3.988458,0,8,8,0,0,0,0
product_category,normalized_update,10,3.972333,0,8,8,0,0,0,0
product_category,normalized_update,11,4.005209,0,8,8,0,0,0,0
product_category,normalized_update,12,2.915583,0,8,8,0,0,0,0
product_category,normalized_update,13,3.964417,0,8,8,0,0,0,0
product_category,normalized_update,14,4.0635,0,8,8,0,0,0,0
product_category,normalized_update,15,3.987959,0,8,8,0,0,0,0
product_category,normalized_update,16,4.037375,0,8,8,0,0,0,0
product_category,normalized_update,17,4.052417,0,8,8,0,0,0,0
product_category,normalized_update,18,3.904625,0,8,8,0,0,0,0
product_category,normalized_update,19,4.011583,0,8,8,0,0,0,0
product_category,normalized_update,20,3.9625,0,8,8,0,0,0,0
product_category,normalization,1,8.180209,2,77,1819,8,0,77,0
product_category,normalization,2,7.553,3,77,1819,8,0,77,0
product_category,normalization,3,7.378293,2,77,1819,8,0,77,0
product_category,normalization,4,7.168291,3,77,1819,8,0,77,0
product_category,normalization,5,7.806583,3,77,1819,8,0,77,0
product_category,normalization,6,7.188459,2,77,1819,8,0,77,0
product_category,normalization,7,7.398583,3,77,1819,8,0,77,0
product_category,normalization,8,7.858791,3,77,1819,8,0,77,0
product_category,normalization,9,7.556251,1,77,1819,8,0,77,0
product_category,normalization,10,23.240459,18,77,1819,8,0,77,0
product_category,normalization,11,7.823708,2,77,1819,8,0,77,0
product_category,normalization,12,6.740041,2,77,1819,8,0,77,0
product_category,normalization,13,7.975501,2,77,1819,8,0,77,0
product_category,normalization,14,7.045041,2,77,1819,8,0,77,0
product_category,normalization,15,8.12,3,77,1819,8,0,77,0
product_category,normalization,16,7.671583,2,77,1819,8,0,77,0
product_category,normalization,17,7.771376,3,77,1819,8,0,77,0
product_category,normalization,18,7.03675,2,77,1819,8,0,77,0
product_category,normalization,19,11.482082,3,77,1819,8,0,77,0
product_category,normalization,20,9.875457,4,77,1819,8,0,77,0
product_supplier,folded_update,1,8.011709,4,77,77,0,0,0,0
product_supplier,folded_update,2,5.010833,1,77,77,0,0,0,0
product_supplier,folded_update,3,4.991916,1,77,77,0,0,0,0
product_supplier,folded_update,4,4.989542,1,77,77,0,0,0,0
product_supplier,folded_update,5,4.918083,1,77,77,0,0,0,0
product_supplier,folded_update,6,5.067458,1,77,77,0,0,0,0
product_supplier,folded_update,7,7.028459,3,77,77,0,0,0,0
product_supplier,folded_update,8,3.516,1,77,77,0,0,0,0
product_supplier,folded_update,9,5.007209,1,77,77,0,0,0,0
product_supplier,folded_update,10,4.973667,1,77,77,0,0,0,0
product_supplier,folded_update,11,5.013417,1,77,77,0,0,0,0
product_supplier,folded_update,12,5.0265,1,77,77,0,0,0,0
product_supplier,folded_update,13,5.029541,1,77,77,0,0,0,0
product_supplier,folded_update,14,6.715875,1,77,77,0,0,0,0
product_supplier,folded_update,15,25.586833,1,77,77,0,0,0,0
product_supplier,folded_update,16,48.554458,20,77,77,0,0,0,0
product_supplier,folded_update,17,14.237958,1,77,77,0,0,0,0
product_supplier,folded_update,18,8.913709,2,77,77,0,0,0,0
product_supplier,folded_update,19,6.014166,1,77,77,0,0,0,0
product_supplier,folded_update,20,7.040209,1,77,77,0,0,0,0
product_supplier,normalized_update,1,6.100959,4,29,29,0,0,0,0
product_supplier,normalized_update,2,4.081541,0,29,29,0,0,0,0
product_supplier,normalized_update,3,3.902833,0,29,29,0,0,0,0
product_supplier,normalized_update,4,3.989084,0,29,29,0,0,0,0
product_supplier,normalized_update,5,4.025667,0,29,29,0,0,0,0
product_supplier,normalized_update,6,4.202709,0,29,29,0,0,0,0
product_supplier,normalized_update,7,3.914167,0,29,29,0,0,0,0
product_supplier,normalized_update,8,3.973792,0,29,29,0,0,0,0
product_supplier,normalized_update,9,4.134625,0,29,29,0,0,0,0
product_supplier,normalized_update,10,3.95275,0,29,29,0,0,0,0
product_supplier,normalized_update,11,4.308958,0,29,29,0,0,0,0
product_supplier,normalized_update,12,4.037791,0,29,29,0,0,0,0
product_supplier,normalized_update,13,4.049084,0,29,29,0,0,0,0
product_supplier,normalized_update,14,3.904958,0,29,29,0,0,0,0
product_supplier,normalized_update,15,4.003583,0,29,29,0,0,0,0
product_supplier,normalized_update,16,3.987125,0,29,29,0,0,0,0
product_supplier,normalized_update,17,4.021083,0,29,29,0,0,0,0
product_supplier,normalized_update,18,4.240792,0,29,29,0,0,0,0
product_supplier,normalized_update,19,3.937791,0,29,29,0,0,0,0
product_supplier,normalized_update,20,3.88475,0,29,29,0,0,0,0
product_supplier,normalization,1,9.433625,4,77,2637,29,0,77,0
product_supplier,normalization,2,8.222333,4,77,2637,29,0,77,0
product_supplier,normalization,3,8.073792,4,77,2637,29,0,77,0
product_supplier,normalization,4,8.943792,4,77,2637,29,0,77,0
product_supplier,normalization,5,11.967917,7,77,2637,29,0,77,0
product_supplier,normalization,6,9.160583,4,77,2637,29,0,77,0
product_supplier,normalization,7,10.674917,5,77,2637,29,0,77,0
product_supplier,normalization,8,9.249875,3,77,2637,29,0,77,0
product_supplier,normalization,9,7.866583,4,77,2637,29,0,77,0
product_supplier,normalization,10,57.880874,53,77,2637,29,0,77,0
product_supplier,normalization,11,9.525917,3,77,2637,29,0,77,0
product_supplier,normalization,12,9.160875,4,77,2637,29,0,77,0
product_supplier,normalization,13,8.710291,3,77,2637,29,0,77,0
product_supplier,normalization,14,7.989083,3,77,2637,29,0,77,0
product_supplier,normalization,15,8.805792,3,77,2637,29,0,77,0
product_supplier,normalization,16,8.000625,3,77,2637,29,0,77,0
product_supplier,normalization,17,8.766666,3,77,2637,29,0,77,0
product_supplier,normalization,18,8.2615,2,77,2637,29,0,77,0
product_supplier,normalization,19,8.604875,2,77,2637,29,0,77,0
product_supplier,normalization,20,8.429374,2,77,2637,29,0,77,0
order_employee,folded_update,1,10.10475,4,830,830,0,0,0,0
order_employee,folded_update,2,5.934208,1,830,830,0,0,0,0
order_employee,folded_update,3,5.997834,1,830,830,0,0,0,0
order_employee,folded_update,4,6.136,1,830,830,0,0,0,0
order_employee,folded_update,5,5.976667,1,830,830,0,0,0,0
order_employee,folded_update,6,6.08675,1,830,830,0,0,0,0
order_employee,folded_update,7,6.105167,1,830,830,0,0,0,0
order_employee,folded_update,8,6.118209,1,830,830,0,0,0,0
order_employee,folded_update,9,6.064083,1,830,830,0,0,0,0
order_employee,folded_update,10,6.111209,1,830,830,0,0,0,0
order_employee,folded_update,11,6.302125,1,830,830,0,0,0,0
order_employee,folded_update,12,6.036958,0,830,830,0,0,0,0
order_employee,folded_update,13,6.043208,1,830,830,0,0,0,0
order_employee,folded_update,14,5.758916,1,830,830,0,0,0,0
order_employee,folded_update,15,5.056333,1,830,830,0,0,0,0
order_employee,folded_update,16,6.010375,1,830,830,0,0,0,0
order_employee,folded_update,17,5.658667,1,830,830,0,0,0,0
order_employee,folded_update,18,5.999167,1,830,830,0,0,0,0
order_employee,folded_update,19,5.2215,1,830,830,0,0,0,0
order_employee,folded_update,20,5.9235,1,830,830,0,0,0,0
order_employee,normalized_update,1,6.082458,4,9,9,0,0,0,0
order_employee,normalized_update,2,3.927541,0,9,9,0,0,0,0
order_employee,normalized_update,3,4.124375,0,9,9,0,0,0,0
order_employee,normalized_update,4,4.105583,0,9,9,0,0,0,0
order_employee,normalized_update,5,4.1755,0,9,9,0,0,0,0
order_employee,normalized_update,6,3.836042,0,9,9,0,0,0,0
order_employee,normalized_update,7,3.971292,0,9,9,0,0,0,0
order_employee,normalized_update,8,4.214292,0,9,9,0,0,0,0
order_employee,normalized_update,9,4.245542,0,9,9,0,0,0,0
order_employee,normalized_update,10,3.989833,0,9,9,0,0,0,0
order_employee,normalized_update,11,3.950083,0,9,9,0,0,0,0
order_employee,normalized_update,12,3.926291,0,9,9,0,0,0,0
order_employee,normalized_update,13,3.931875,0,9,9,0,0,0,0
order_employee,normalized_update,14,4.016958,0,9,9,0,0,0,0
order_employee,normalized_update,15,3.994834,0,9,9,0,0,0,0
order_employee,normalized_update,16,3.820125,0,9,9,0,0,0,0
order_employee,normalized_update,17,3.997167,0,9,9,0,0,0,0
order_employee,normalized_update,18,3.971084,0,9,9,0,0,0,0
order_employee,normalized_update,19,3.958042,0,9,9,0,0,0,0
order_employee,normalized_update,20,3.992,1,9,9,0,0,0,0
order_employee,normalization,1,246.867791,198,830,36663,9,0,879,3960
order_employee,normalization,2,103.264458,80,830,36663,9,0,879,3960
order_employee,normalization,3,103.494875,86,830,36663,9,0,879,3960
order_employee,normalization,4,92.695083,73,830,36663,9,0,879,3960
order_employee,normalization,5,66.123458,48,830,36663,9,0,879,3960
order_employee,normalization,6,73.336041,47,830,36663,9,0,879,3960
order_employee,normalization,7,64.676959,47,830,36663,9,0,879,3960
order_employee,normalization,8,63.937708,48,830,36663,9,0,879,3960
order_employee,normalization,9,62.679708,47,830,36663,9,0,879,3960
order_employee,normalization,10,94.864333,78,830,36663,9,0,879,3960
order_employee,normalization,11,66.367,50,830,36663,9,0,879,3960
order_employee,normalization,12,66.689542,48,830,36663,9,0,879,3960
order_employee,normalization,13,71.190125,53,830,36663,9,0,879,3960
order_employee,normalization,14,69.08425,52,830,36663,9,0,879,3960
order_employee,normalization,15,73.541292,53,830,36663,9,0,879,3960
order_employee,normalization,16,64.129833,47,830,36663,9,0,879,3960
order_employee,normalization,17,66.722958,50,830,36663,9,0,879,3960
order_employee,normalization,18,64.407084,45,830,36663,9,0,879,3960
order_employee,normalization,19,67.2415,46,830,36663,9,0,879,3960
order_employee,normalization,20,62.186583,46,830,36663,9,0,879,3960
order_shipper,folded_update,1,9.068167,4,830,830,0,0,0,0
order_shipper,folded_update,2,6.049833,0,830,830,0,0,0,0
order_shipper,folded_update,3,4.932917,1,830,830,0,0,0,0
order_shipper,folded_update,4,4.977,0,830,830,0,0,0,0
order_shipper,folded_update,5,4.994667,1,830,830,0,0,0,0
order_shipper,folded_update,6,5.026292,1,830,830,0,0,0,0
order_shipper,folded_update,7,5.796375,0,830,830,0,0,0,0
order_shipper,folded_update,8,6.038875,0,830,830,0,0,0,0
order_shipper,folded_update,9,6.0545,0,830,830,0,0,0,0
order_shipper,folded_update,10,10.152375,0,830,830,0,0,0,0
order_shipper,folded_update,11,4.963833,0,830,830,0,0,0,0
order_shipper,folded_update,12,6.023625,0,830,830,0,0,0,0
order_shipper,folded_update,13,4.93125,0,830,830,0,0,0,0
order_shipper,folded_update,14,5.034292,0,830,830,0,0,0,0
order_shipper,folded_update,15,4.775083,0,830,830,0,0,0,0
order_shipper,folded_update,16,4.915542,0,830,830,0,0,0,0
order_shipper,folded_update,17,5.994875,0,830,830,0,0,0,0
order_shipper,folded_update,18,4.985583,0,830,830,0,0,0,0
order_shipper,folded_update,19,4.988666,1,830,830,0,0,0,0
order_shipper,folded_update,20,5.031417,0,830,830,0,0,0,0
order_shipper,normalized_update,1,7.042458,4,3,3,0,0,0,0
order_shipper,normalized_update,2,4.174083,0,3,3,0,0,0,0
order_shipper,normalized_update,3,3.850209,0,3,3,0,0,0,0
order_shipper,normalized_update,4,3.998542,0,3,3,0,0,0,0
order_shipper,normalized_update,5,3.9255,0,3,3,0,0,0,0
order_shipper,normalized_update,6,3.995208,0,3,3,0,0,0,0
order_shipper,normalized_update,7,3.926708,0,3,3,0,0,0,0
order_shipper,normalized_update,8,3.100417,0,3,3,0,0,0,0
order_shipper,normalized_update,9,4.014083,0,3,3,0,0,0,0
order_shipper,normalized_update,10,3.892834,0,3,3,0,0,0,0
order_shipper,normalized_update,11,3.950792,0,3,3,0,0,0,0
order_shipper,normalized_update,12,3.022875,0,3,3,0,0,0,0
order_shipper,normalized_update,13,4.454709,0,3,3,0,0,0,0
order_shipper,normalized_update,14,3.984208,0,3,3,0,0,0,0
order_shipper,normalized_update,15,3.783,0,3,3,0,0,0,0
order_shipper,normalized_update,16,3.372625,0,3,3,0,0,0,0
order_shipper,normalized_update,17,4.017417,0,3,3,0,0,0,0
order_shipper,normalized_update,18,3.960083,0,3,3,0,0,0,0
order_shipper,normalized_update,19,3.909,0,3,3,0,0,0,0
order_shipper,normalized_update,20,4.004541,0,3,3,0,0,0,0
order_shipper,normalization,1,33.566625,22,830,24368,3,0,830,0
order_shipper,normalization,2,62.039624,24,830,24368,3,0,830,0
order_shipper,normalization,3,33.192209,21,830,24368,3,0,830,0
order_shipper,normalization,4,33.804751,21,830,24368,3,0,830,0
order_shipper,normalization,5,34.85175,19,830,24368,3,0,830,0
order_shipper,normalization,6,31.456916,19,830,24368,3,0,830,0
order_shipper,normalization,7,32.089083,19,830,24368,3,0,830,0
order_shipper,normalization,8,33.665041,21,830,24368,3,0,830,0
order_shipper,normalization,9,37.89775,24,830,24368,3,0,830,0
order_shipper,normalization,10,70.844792,56,830,24368,3,0,830,0
order_shipper,normalization,11,33.016167,21,830,24368,3,0,830,0
order_shipper,normalization,12,41.490124,28,830,24368,3,0,830,0
order_shipper,normalization,13,35.317375,24,830,24368,3,0,830,0
order_shipper,normalization,14,31.930916,22,830,24368,3,0,830,0
order_shipper,normalization,15,34.328084,20,830,24368,3,0,830,0
order_shipper,normalization,16,30.717958,20,830,24368,3,0,830,0
order_shipper,normalization,17,40.901041,24,830,24368,3,0,830,0
order_shipper,normalization,18,34.924333,22,830,24368,3,0,830,0
order_shipper,normalization,19,35.007625,22,830,24368,3,0,830,0
order_shipper,normalization,20,30.147125,21,830,24368,3,0,830,0
employee_territory_employee,folded_update,1,21.962375,14,49,49,0,0,0,0
employee_territory_employee,folded_update,2,3.895125,0,49,49,0,0,0,0
employee_territory_employee,folded_update,3,3.966208,1,49,49,0,0,0,0
employee_territory_employee,folded_update,4,3.232625,0,49,49,0,0,0,0
employee_territory_employee,folded_update,5,4.08325,1,49,49,0,0,0,0
employee_territory_employee,folded_update,6,4.115084,0,49,49,0,0,0,0
employee_territory_employee,folded_update,7,4.264875,0,49,49,0,0,0,0
employee_territory_employee,folded_update,8,4.235625,0,49,49,0,0,0,0
employee_territory_employee,folded_update,9,4.057125,0,49,49,0,0,0,0
employee_territory_employee,folded_update,10,4.02175,0,49,49,0,0,0,0
employee_territory_employee,folded_update,11,3.706625,0,49,49,0,0,0,0
employee_territory_employee,folded_update,12,3.665708,0,49,49,0,0,0,0
employee_territory_employee,folded_update,13,3.9125,0,49,49,0,0,0,0
employee_territory_employee,folded_update,14,3.861958,1,49,49,0,0,0,0
employee_territory_employee,folded_update,15,3.961333,0,49,49,0,0,0,0
employee_territory_employee,folded_update,16,3.821209,1,49,49,0,0,0,0
employee_territory_employee,folded_update,17,4.021208,1,49,49,0,0,0,0
employee_territory_employee,folded_update,18,3.868333,0,49,49,0,0,0,0
employee_territory_employee,folded_update,19,3.967583,0,49,49,0,0,0,0
employee_territory_employee,folded_update,20,3.938584,0,49,49,0,0,0,0
employee_territory_employee,normalized_update,1,7.05325,4,9,9,0,0,0,0
employee_territory_employee,normalized_update,2,4.01725,1,9,9,0,0,0,0
employee_territory_employee,normalized_update,3,6.1235,0,9,9,0,0,0,0
employee_territory_employee,normalized_update,4,3.934,0,9,9,0,0,0,0
employee_territory_employee,normalized_update,5,4.173333,0,9,9,0,0,0,0
employee_territory_employee,normalized_update,6,4.177084,0,9,9,0,0,0,0
employee_territory_employee,normalized_update,7,3.948792,0,9,9,0,0,0,0
employee_territory_employee,normalized_update,8,4.037917,1,9,9,0,0,0,0
employee_territory_employee,normalized_update,9,3.875167,0,9,9,0,0,0,0
employee_territory_employee,normalized_update,10,3.891167,1,9,9,0,0,0,0
employee_territory_employee,normalized_update,11,3.822083,0,9,9,0,0,0,0
employee_territory_employee,normalized_update,12,3.924667,0,9,9,0,0,0,0
employee_territory_employee,normalized_update,13,4.214708,1,9,9,0,0,0,0
employee_territory_employee,normalized_update,14,3.941916,0,9,9,0,0,0,0
employee_territory_employee,normalized_update,15,3.9975,0,9,9,0,0,0,0
employee_territory_employee,normalized_update,16,4.096084,1,9,9,0,0,0,0
employee_territory_employee,normalized_update,17,4.00725,0,9,9,0,0,0,0
employee_territory_employee,normalized_update,18,4.966208,0,9,9,0,0,0,0
employee_territory_employee,normalized_update,19,4.160208,1,9,9,0,0,0,0
employee_territory_employee,normalized_update,20,3.655625,0,9,9,0,0,0,0
employee_territory_employee,normalization,1,18.333084,9,49,1173,9,0,879,3960
employee_territory_employee,normalization,2,18.3155,9,49,1173,9,0,879,3960
employee_territory_employee,normalization,3,19.046708,10,49,1173,9,0,879,3960
employee_territory_employee,normalization,4,17.246251,9,49,1173,9,0,879,3960
employee_territory_employee,normalization,5,17.465541,9,49,1173,9,0,879,3960
employee_territory_employee,normalization,6,16.091792,7,49,1173,9,0,879,3960
employee_territory_employee,normalization,7,18.076083,8,49,1173,9,0,879,3960
employee_territory_employee,normalization,8,17.3195,9,49,1173,9,0,879,3960
employee_territory_employee,normalization,9,17.326166,7,49,1173,9,0,879,3960
employee_territory_employee,normalization,10,41.226041,32,49,1173,9,0,879,3960
employee_territory_employee,normalization,11,17.521376,7,49,1173,9,0,879,3960
employee_territory_employee,normalization,12,17.600166,8,49,1173,9,0,879,3960
employee_territory_employee,normalization,13,17.253042,9,49,1173,9,0,879,3960
employee_territory_employee,normalization,14,17.821792,6,49,1173,9,0,879,3960
employee_territory_employee,normalization,15,17.109457,6,49,1173,9,0,879,3960
employee_territory_employee,normalization,16,17.194499,8,49,1173,9,0,879,3960
employee_territory_employee,normalization,17,17.413333,8,49,1173,9,0,879,3960
employee_territory_employee,normalization,18,16.909251,8,49,1173,9,0,879,3960
employee_territory_employee,normalization,19,16.707333,6,49,1173,9,0,879,3960
employee_territory_employee,normalization,20,16.785833,8,49,1173,9,0,879,3960
employee_territory_territory,folded_update,1,8.013625,4,49,49,0,0,0,0
employee_territory_territory,folded_update,2,3.882667,1,49,49,0,0,0,0
employee_territory_territory,folded_update,3,3.9545,0,49,49,0,0,0,0
employee_territory_territory,folded_update,4,3.991167,1,49,49,0,0,0,0
employee_territory_territory,folded_update,5,3.957,0,49,49,0,0,0,0
employee_territory_territory,folded_update,6,4.093917,0,49,49,0,0,0,0
employee_territory_territory,folded_update,7,4.029375,0,49,49,0,0,0,0
employee_territory_territory,folded_update,8,3.97525,0,49,49,0,0,0,0
employee_territory_territory,folded_update,9,4.169375,0,49,49,0,0,0,0
employee_territory_territory,folded_update,10,4.000834,1,49,49,0,0,0,0
employee_territory_territory,folded_update,11,3.962959,0,49,49,0,0,0,0
employee_territory_territory,folded_update,12,4.060375,1,49,49,0,0,0,0
employee_territory_territory,folded_update,13,3.99175,1,49,49,0,0,0,0
employee_territory_territory,folded_update,14,4.014333,1,49,49,0,0,0,0
employee_territory_territory,folded_update,15,3.987208,1,49,49,0,0,0,0
employee_territory_territory,folded_update,16,4.200167,1,49,49,0,0,0,0
employee_territory_territory,folded_update,17,4.704666,0,49,49,0,0,0,0
employee_territory_territory,folded_update,18,2.993166,0,49,49,0,0,0,0
employee_territory_territory,folded_update,19,4.190666,1,49,49,0,0,0,0
employee_territory_territory,folded_update,20,3.809375,0,49,49,0,0,0,0
employee_territory_territory,normalized_update,1,8.309458,4,49,49,0,0,0,0
employee_territory_territory,normalized_update,2,5.024792,1,49,49,0,0,0,0
employee_territory_territory,normalized_update,3,4.672708,1,49,49,0,0,0,0
employee_territory_territory,normalized_update,4,5.007166,1,49,49,0,0,0,0
employee_territory_territory,normalized_update,5,5.064,1,49,49,0,0,0,0
employee_territory_territory,normalized_update,6,5.417417,1,49,49,0,0,0,0
employee_territory_territory,normalized_update,7,5.683,1,49,49,0,0,0,0
employee_territory_territory,normalized_update,8,4.820959,1,49,49,0,0,0,0
employee_territory_territory,normalized_update,9,4.933834,1,49,49,0,0,0,0
employee_territory_territory,normalized_update,10,5.092334,1,49,49,0,0,0,0
employee_territory_territory,normalized_update,11,5.063875,1,49,49,0,0,0,0
employee_territory_territory,normalized_update,12,4.790458,1,49,49,0,0,0,0
employee_territory_territory,normalized_update,13,4.810125,1,49,49,0,0,0,0
employee_territory_territory,normalized_update,14,4.8945,1,49,49,0,0,0,0
employee_territory_territory,normalized_update,15,4.173625,0,49,49,0,0,0,0
employee_territory_territory,normalized_update,16,3.926292,0,49,49,0,0,0,0
employee_territory_territory,normalized_update,17,3.907375,0,49,49,0,0,0,0
employee_territory_territory,normalized_update,18,4.229209,0,49,49,0,0,0,0
employee_territory_territory,normalized_update,19,4.052292,0,49,49,0,0,0,0
employee_territory_territory,normalized_update,20,4.857084,1,49,49,0,0,0,0
employee_territory_territory,normalization,1,7.62575,2,49,539,49,0,98,49
employee_territory_territory,normalization,2,7.903708,2,49,539,49,0,98,49
employee_territory_territory,normalization,3,7.696083,1,49,539,49,0,98,49
employee_territory_territory,normalization,4,7.629832,1,49,539,49,0,98,49
employee_territory_territory,normalization,5,7.431291,2,49,539,49,0,98,49
employee_territory_territory,normalization,6,7.404417,3,49,539,49,0,98,49
employee_territory_territory,normalization,7,6.387666,2,49,539,49,0,98,49
employee_territory_territory,normalization,8,7.779958,3,49,539,49,0,98,49
employee_territory_territory,normalization,9,7.566792,2,49,539,49,0,98,49
employee_territory_territory,normalization,10,26.640625,19,49,539,49,0,98,49
employee_territory_territory,normalization,11,7.534584,1,49,539,49,0,98,49
employee_territory_territory,normalization,12,6.307957,2,49,539,49,0,98,49
employee_territory_territory,normalization,13,7.563083,0,49,539,49,0,98,49
employee_territory_territory,normalization,14,6.640416,2,49,539,49,0,98,49
employee_territory_territory,normalization,15,7.506499,1,49,539,49,0,98,49
employee_territory_territory,normalization,16,7.390458,2,49,539,49,0,98,49
employee_territory_territory,normalization,17,7.637208,2,49,539,49,0,98,49
employee_territory_territory,normalization,18,6.571042,3,49,539,49,0,98,49
employee_territory_territory,normalization,19,6.402208,1,49,539,49,0,98,49
employee_territory_territory,normalization,20,6.963,2,49,539,49,0,98,49
territory_region,folded_update,1,7.879083,5,53,53,0,0,0,0
territory_region,folded_update,2,4.156042,0,53,53,0,0,0,0
territory_region,folded_update,3,3.941,0,53,53,0,0,0,0
territory_region,folded_update,4,4.133,0,53,53,0,0,0,0
territory_region,folded_update,5,4.139208,0,53,53,0,0,0,0
territory_region,folded_update,6,4.205875,0,53,53,0,0,0,0
territory_region,folded_update,7,4.041875,0,53,53,0,0,0,0
territory_region,folded_update,8,4.096375,0,53,53,0,0,0,0
territory_region,folded_update,9,3.84975,0,53,53,0,0,0,0
territory_region,folded_update,10,3.911375,0,53,53,0,0,0,0
territory_region,folded_update,11,4.187542,0,53,53,0,0,0,0
territory_region,folded_update,12,3.9525,0,53,53,0,0,0,0
territory_region,folded_update,13,5.045959,0,53,53,0,0,0,0
territory_region,folded_update,14,4.051792,0,53,53,0,0,0,0
territory_region,folded_update,15,4.167791,0,53,53,0,0,0,0
territory_region,folded_update,16,4.05775,0,53,53,0,0,0,0
territory_region,folded_update,17,4.856,0,53,53,0,0,0,0
territory_region,folded_update,18,4.069917,0,53,53,0,0,0,0
territory_region,folded_update,19,3.961375,0,53,53,0,0,0,0
territory_region,folded_update,20,4.064125,0,53,53,0,0,0,0
territory_region,normalized_update,1,8.092,3,4,4,0,0,0,0
territory_region,normalized_update,2,4.097,0,4,4,0,0,0,0
territory_region,normalized_update,3,3.832041,0,4,4,0,0,0,0
territory_region,normalized_update,4,4.044542,0,4,4,0,0,0,0
territory_region,normalized_update,5,3.787542,0,4,4,0,0,0,0
territory_region,normalized_update,6,3.891792,0,4,4,0,0,0,0
territory_region,normalized_update,7,3.83775,0,4,4,0,0,0,0
territory_region,normalized_update,8,4.110833,0,4,4,0,0,0,0
territory_region,normalized_update,9,3.842833,0,4,4,0,0,0,0
territory_region,normalized_update,10,4.222959,0,4,4,0,0,0,0
territory_region,normalized_update,11,3.759834,0,4,4,0,0,0,0
territory_region,normalized_update,12,3.954,0,4,4,0,0,0,0
territory_region,normalized_update,13,3.902417,0,4,4,0,0,0,0
territory_region,normalized_update,14,3.887875,0,4,4,0,0,0,0
territory_region,normalized_update,15,4.056,0,4,4,0,0,0,0
territory_region,normalized_update,16,3.932375,0,4,4,0,0,0,0
territory_region,normalized_update,17,4.113375,0,4,4,0,0,0,0
territory_region,normalized_update,18,3.958875,0,4,4,0,0,0,0
territory_region,normalized_update,19,5.738916,0,4,4,0,0,0,0
territory_region,normalized_update,20,3.921917,0,4,4,0,0,0,0
territory_region,normalization,1,6.919083,1,53,387,4,0,53,0
territory_region,normalization,2,6.06225,1,53,387,4,0,53,0
territory_region,normalization,3,5.729333,1,53,387,4,0,53,0
territory_region,normalization,4,5.681667,2,53,387,4,0,53,0
territory_region,normalization,5,5.699041,2,53,387,4,0,53,0
territory_region,normalization,6,6.263416,1,53,387,4,0,53,0
territory_region,normalization,7,6.286417,1,53,387,4,0,53,0
territory_region,normalization,8,5.638375,1,53,387,4,0,53,0
territory_region,normalization,9,6.476833,1,53,387,4,0,53,0
territory_region,normalization,10,19.202834,12,53,387,4,0,53,0
territory_region,normalization,11,5.86475,0,53,387,4,0,53,0
territory_region,normalization,12,6.483916,0,53,387,4,0,53,0
territory_region,normalization,13,5.905292,1,53,387,4,0,53,0
territory_region,normalization,14,6.112292,1,53,387,4,0,53,0
territory_region,normalization,15,5.541209,1,53,387,4,0,53,0
territory_region,normalization,16,6.155875,0,53,387,4,0,53,0
territory_region,normalization,17,6.201249,1,53,387,4,0,53,0
territory_region,normalization,18,6.431167,0,53,387,4,0,53,0
territory_region,normalization,19,6.042542,1,53,387,4,0,53,0
territory_region,normalization,20,5.757625,2,53,387,4,0,53,0
